request_id,amount_safe_to_pay,affordability_status,recommended_payment_method,payment_plan,earliest_date_for_full_payment,spending_changes_needed,decision_explanation
request_26,15656000.0,affordable_now,full_payment,2025-08-03:15656000,2025-08-03,none,Pay IDR 15656000 today. This full upfront payment preserves your IDR 24768300 minimum emergency buffer and avoids financing costs.
request_27,6670.0,affordable_now,full_payment,2026-07-05:6670,2026-07-05,none,Pay ZAR 6670 today. This full upfront payment preserves your ZAR 20500 minimum emergency buffer and avoids financing costs.
request_28,338.23,affordable_later,wait,2024-08-15:1302.40,2024-08-15,none,"Pay EUR 1,302.40 in full on 15 August 2024. Waiting for confirmed income settlements eliminates financing fees and protects your EUR 1100 minimum balance."
request_29,51524.0,affordable_now,full_payment,2025-11-04:51524,2025-11-04,none,Pay ZAR 51524 today. This full upfront payment preserves your ZAR 28300 minimum emergency buffer and avoids financing costs.
request_30,775.2,affordable_with_plan,installments,2026-04-06:268.74|2026-05-06:268.74|2026-06-05:268.74,2026-04-06,none,"Use 3 installments of USD 268.74, starting 6 April 2026. Spreading payments maintains your USD 900 safety buffer while meeting scheduled obligations."
request_31,3595141.69,affordable_later,wait,2024-10-15:18164000,2024-10-15,none,Pay IDR 18164000 in full on 15 October 2024. Waiting for confirmed income settlements eliminates financing fees and protects your IDR 16588900 minimum balance.
request_32,13772.91,affordable_later,wait,2025-04-15:40018,2025-04-15,none,Pay ZAR 40018 in full on 15 April 2025. Waiting for confirmed income settlements eliminates financing fees and protects your ZAR 35700 minimum balance.
request_33,41326.14,affordable_later,wait,2026-02-15:118000,2026-02-15,none,Pay INR 118000 in full on 15 February 2026. Waiting for confirmed income settlements eliminates financing fees and protects your INR 102100 minimum balance.
request_34,129400.0,affordable_now,full_payment,2024-12-04:129400,2024-12-04,none,Pay INR 129400 today. This full upfront payment preserves your INR 138500 minimum emergency buffer and avoids financing costs.
request_35,34606.03,affordable_later,wait,2026-01-15:212000,2026-01-15,none,Pay INR 212000 in full on 15 January 2026. Waiting for confirmed income settlements eliminates financing fees and protects your INR 106400 minimum balance.
request_36,626.93,affordable_later,wait,2026-09-15:3954,2026-09-15,none,Pay USD 3954 in full on 15 September 2026. Waiting for confirmed income settlements eliminates financing fees and protects your USD 2400 minimum balance.
request_37,4951500.44,affordable_later,wait,2024-05-15:14649000,2024-05-15,none,Pay IDR 14649000 in full on 15 May 2024. Waiting for confirmed income settlements eliminates financing fees and protects your IDR 17056200 minimum balance.
request_38,187.48,affordable_later,wait,2025-10-15:971.30,2025-10-15,none,Pay EUR 971.30 in full on 15 October 2025. Waiting for confirmed income settlements eliminates financing fees and protects your EUR 400 minimum balance.
request_39,73293.96,affordable_later,wait,2026-05-15:208600,2026-05-15,none,Pay INR 208600 in full on 15 May 2026. Waiting for confirmed income settlements eliminates financing fees and protects your INR 213400 minimum balance.
request_40,391.95,affordable_later,wait,2024-08-15:1290.30,2024-08-15,none,"Pay EUR 1,290.30 in full on 15 August 2024. Waiting for confirmed income settlements eliminates financing fees and protects your EUR 1500 minimum balance."
request_41,10090088.09,affordable_later,wait,2026-01-15:38760000,2026-01-15,none,Pay IDR 38760000 in full on 15 January 2026. Waiting for confirmed income settlements eliminates financing fees and protects your IDR 25366600 minimum balance.
request_42,52100.0,affordable_now,full_payment,2026-01-05:52100,2026-01-05,none,Pay INR 52100 today. This full upfront payment preserves your INR 113100 minimum emergency buffer and avoids financing costs.
request_43,8656336.1,affordable_later,wait,2024-11-15:43339000,2024-11-15,none,Pay IDR 43339000 in full on 15 November 2024. Waiting for confirmed income settlements eliminates financing fees and protects your IDR 21398000 minimum balance.
request_44,29769.54,affordable_later,wait,2025-04-15:95800,2025-04-15,none,Pay INR 95800 in full on 15 April 2025. Waiting for confirmed income settlements eliminates financing fees and protects your INR 82900 minimum balance.
request_45,4011204.14,affordable_later,wait,2026-09-15:21983000,2026-09-15,none,Pay IDR 21983000 in full on 15 September 2026. Waiting for confirmed income settlements eliminates financing fees and protects your IDR 11149800 minimum balance.
request_46,40278.33,affordable_with_plan,partial_payment,2024-12-03:40278.33|2024-12-15:9171.67,2024-12-15,none,"Pay INR 40,278.33 today and the remaining INR 9171.67 on 15 December 2024. This split schedule preserves your INR 84000 reserve across all payment dates."
request_47,37026246.19,affordable_with_plan,full_payment,2025-05-05:38114000,,stop:event_4339,This purchase becomes affordable by reducing flexible expenses (stop:event_4339). Reallocating discretionary spending unlocks the headroom required to keep your IDR 30049000 buffer safe.
request_48,45700.0,affordable_now,full_payment,2026-07-25:45700,2026-07-25,none,Pay INR 45700 today. This full upfront payment preserves your INR 71300 minimum emergency buffer and avoids financing costs.
request_49,12309742.17,affordable_with_plan,installments,2024-03-18:11902106.67|2024-04-18:11902106.67|2024-05-19:11902106.67,2024-04-15,none,"Use 3 installments of IDR 11902106.67, starting 18 March 2024. Spreading payments maintains your IDR 20275700 safety buffer while meeting scheduled obligations."
request_50,43900.0,affordable_now,full_payment,2025-08-06:43900,2025-08-06,none,Pay INR 43900 today. This full upfront payment preserves your INR 99700 minimum emergency buffer and avoids financing costs.
request_51,2191000.0,affordable_now,full_payment,2026-01-03:2191000,2026-01-03,none,Pay IDR 2191000 today. This full upfront payment preserves your IDR 7811000 minimum emergency buffer and avoids financing costs.
request_52,19189.7,affordable_later,wait,2024-06-15:28870,2024-06-15,none,Pay INR 28870 in full on 15 June 2024. Waiting for confirmed income settlements eliminates financing fees and protects your INR 41500 minimum balance.
request_53,523.71,affordable_with_plan,installments,2025-11-21:589.06|2025-12-19:589.06|2026-01-16:589.06,2026-01-15,none,"Use 3 installments of USD 589.06, starting 21 November 2025. Spreading payments maintains your USD 2100 safety buffer while meeting scheduled obligations."
request_54,3054.67,not_affordable,not_recommended,none,,none,Not safely affordable within the 90-day forecast. Paying ZAR 121528 would breach your ZAR 37000 minimum balance floor.
request_55,125500.29,affordable_with_plan,installments,2026-06-11:75781.33|2026-07-12:75781.33|2026-08-12:75781.33,2026-07-15,none,"Use 3 installments of INR 75781.33, starting 11 June 2026. Spreading payments maintains your INR 124300 safety buffer while meeting scheduled obligations."
request_56,619.62,affordable_with_plan,partial_payment,2025-02-03:619.62|2025-02-15:261.94,2025-02-15,none,Pay USD 619.62 today and the remaining USD 261.94 on 15 February 2025. This split schedule preserves your USD 2100 reserve across all payment dates.
request_57,13606.24,affordable_later,wait,2026-06-15:61446,2026-06-15,none,Pay ZAR 61446 in full on 15 June 2026. Waiting for confirmed income settlements eliminates financing fees and protects your ZAR 42700 minimum balance.
request_58,16226000.0,affordable_now,full_payment,2024-12-07:16226000,2024-12-07,none,Pay IDR 16226000 today. This full upfront payment preserves your IDR 14433900 minimum emergency buffer and avoids financing costs.
request_59,140600.0,affordable_with_plan,installments,2025-05-07:48741.33|2025-06-04:48741.33|2025-07-02:48741.33,2025-05-04,none,"Use 3 installments of INR 48741.33, starting 7 May 2025. Spreading payments maintains your INR 132600 safety buffer while meeting scheduled obligations."
request_60,158.5,affordable_later,wait,2026-01-15:199.89,2026-01-15,none,Pay USD 199.89 in full on 15 January 2026. Waiting for confirmed income settlements eliminates financing fees and protects your USD 400 minimum balance.
request_61,29062.0,affordable_with_plan,installments,2024-03-17:10074.83|2024-04-17:10074.83|2024-05-18:10074.83,2024-03-03,none,"Use 3 installments of ZAR 10074.83, starting 17 March 2024. Spreading payments maintains your ZAR 36700 safety buffer while meeting scheduled obligations."
request_62,404.23,affordable_now,full_payment,2025-08-05:404.23,2025-08-05,none,Pay USD 404.23 today. This full upfront payment preserves your USD 1300 minimum emergency buffer and avoids financing costs.
request_63,56295.05,not_affordable,not_recommended,none,,none,Not safely affordable within the 90-day forecast. Paying INR 343900 would breach your INR 153500 minimum balance floor.
request_64,0.0,not_affordable,not_recommended,none,,none,Not safely affordable within the 90-day forecast. Paying INR 63700 would breach your INR 36100 minimum balance floor.
request_65,5959.1,not_affordable,not_recommended,none,,none,Not safely affordable within the 90-day forecast. Paying ZAR 54340 would breach your ZAR 15500 minimum balance floor.
request_66,22200.0,affordable_now,full_payment,2026-04-03:22200,2026-04-03,none,Pay INR 22200 today. This full upfront payment preserves your INR 80700 minimum emergency buffer and avoids financing costs.
request_67,443.35,affordable_later,wait,2024-10-15:2094,2024-10-15,none,Pay USD 2094 in full on 15 October 2024. Waiting for confirmed income settlements eliminates financing fees and protects your USD 1200 minimum balance.
request_68,1293.63,not_affordable,not_recommended,none,2025-04-23,none,"Not safely affordable within the 90-day forecast. Paying USD 2,091.60 would breach your USD 1500 minimum balance floor."
request_69,529.1,affordable_now,full_payment,2026-01-04:529.10,2026-01-04,none,Pay EUR 529.10 today. This full upfront payment preserves your EUR 700 minimum emergency buffer and avoids financing costs.
request_70,51205.32,affordable_later,wait,2025-02-15:243900,2025-02-15,none,Pay INR 243900 in full on 15 February 2025. Waiting for confirmed income settlements eliminates financing fees and protects your INR 115000 minimum balance.
request_71,1271435.55,not_affordable,not_recommended,none,,none,Not safely affordable within the 90-day forecast. Paying IDR 21451000 would breach your IDR 8884800 minimum balance floor.
request_72,11330.0,affordable_now,full_payment,2026-07-05:11330,2026-07-05,none,Pay ZAR 11330 today. This full upfront payment preserves your ZAR 12200 minimum emergency buffer and avoids financing costs.
request_73,71400.0,affordable_now,full_payment,2023-01-20:71400,2023-01-20,none,Pay INR 71400 today. This full upfront payment preserves your INR 103200 minimum emergency buffer and avoids financing costs.
request_74,5010.0,affordable_now,full_payment,2025-08-04:5010,2025-08-04,none,Pay ZAR 5010 today. This full upfront payment preserves your ZAR 21900 minimum emergency buffer and avoids financing costs.
request_75,28270.0,affordable_with_plan,installments,2026-04-09:9800.27|2026-05-09:9800.27|2026-06-08:9800.27,2026-04-06,none,"Use 3 installments of ZAR 9800.27, starting 9 April 2026. Spreading payments maintains your ZAR 39000 safety buffer while meeting scheduled obligations."
request_76,708.04,not_affordable,not_recommended,none,2024-08-19,none,"Not safely affordable within the 90-day forecast. Paying USD 4,455.60 would breach your USD 1800 minimum balance floor."
request_77,60700.0,affordable_now,full_payment,2025-11-05:60700,2025-11-05,none,Pay INR 60700 today. This full upfront payment preserves your INR 82200 minimum emergency buffer and avoids financing costs.
request_78,50200.0,affordable_now,full_payment,2025-10-02:50200,2025-10-02,none,Pay INR 50200 today. This full upfront payment preserves your INR 55200 minimum emergency buffer and avoids financing costs.
request_79,396.18,not_affordable,not_recommended,none,2024-11-15,none,"Not safely affordable within the 90-day forecast. Paying EUR 2,151.60 would breach your EUR 1000 minimum balance floor."
request_80,106045.95,not_affordable,not_recommended,none,2025-04-19,none,Not safely affordable within the 90-day forecast. Paying INR 217500 would breach your INR 121300 minimum balance floor.
request_81,2076.0,affordable_now,full_payment,2026-07-03:2076,2026-07-03,none,Pay USD 2076 today. This full upfront payment preserves your USD 1600 minimum emergency buffer and avoids financing costs.
request_82,453.86,affordable_later,wait,2025-02-15:1405.20,2025-02-15,none,"Pay USD 1,405.20 in full on 15 February 2025. Waiting for confirmed income settlements eliminates financing fees and protects your USD 1100 minimum balance."
request_83,6490.99,not_affordable,not_recommended,none,,none,Not safely affordable within the 90-day forecast. Paying INR 156200 would breach your INR 37800 minimum balance floor.
request_84,30753.75,affordable_later,wait,2026-05-15:95400,2026-05-15,none,Pay INR 95400 in full on 15 May 2026. Waiting for confirmed income settlements eliminates financing fees and protects your INR 91300 minimum balance.
request_85,589017.66,not_affordable,not_recommended,none,2024-05-15,none,Not safely affordable within the 90-day forecast. Paying IDR 19304000 would breach your IDR 6396300 minimum balance floor.
request_86,46300.0,affordable_now,full_payment,2025-08-03:46300,2025-08-03,none,Pay INR 46300 today. This full upfront payment preserves your INR 84900 minimum emergency buffer and avoids financing costs.
request_87,37729.67,not_affordable,not_recommended,none,,none,Not safely affordable within the 90-day forecast. Paying INR 487900 would breach your INR 185900 minimum balance floor.
request_88,10857.22,affordable_with_plan,installments,2024-06-14:9045.23|2024-07-15:9045.23|2024-08-15:9045.23,2024-06-15,none,"Use 3 installments of ZAR 9045.23, starting 14 June 2024. Spreading payments maintains your ZAR 25800 safety buffer while meeting scheduled obligations."
request_89,9730168.71,affordable_with_plan,installments,2025-11-18:4768746.67|2025-12-16:4768746.67|2026-01-13:4768746.67,2025-12-15,none,"Use 3 installments of IDR 4768746.67, starting 18 November 2025. Spreading payments maintains your IDR 12534700 safety buffer while meeting scheduled obligations."
request_90,2560.0,affordable_now,full_payment,2026-07-06:2560,2026-07-06,none,Pay ZAR 2560 today. This full upfront payment preserves your ZAR 7600 minimum emergency buffer and avoids financing costs.
request_91,556.44,affordable_later,wait,2024-11-15:1927.20,2024-11-15,none,"Pay EUR 1,927.20 in full on 15 November 2024. Waiting for confirmed income settlements eliminates financing fees and protects your EUR 2100 minimum balance."
request_92,34034.0,affordable_now,full_payment,2025-02-05:34034,2025-02-05,none,Pay ZAR 34034 today. This full upfront payment preserves your ZAR 28100 minimum emergency buffer and avoids financing costs.
request_93,1729.2,affordable_now,full_payment,2026-04-07:1729.20,2026-04-07,none,"Pay USD 1,729.20 today. This full upfront payment preserves your USD 1900 minimum emergency buffer and avoids financing costs."
request_94,572.0,affordable_now,full_payment,2024-12-04:572,2024-12-04,none,Pay EUR 572 today. This full upfront payment preserves your EUR 600 minimum emergency buffer and avoids financing costs.
request_95,8935.21,not_affordable,not_recommended,none,,none,Not safely affordable within the 90-day forecast. Paying INR 553000 would breach your INR 145500 minimum balance floor.
request_96,75139.12,affordable_with_plan,installments,2026-01-10:31269.33|2026-02-09:31269.33|2026-03-11:31269.33,2026-02-15,none,"Use 3 installments of INR 31269.33, starting 10 January 2026. Spreading payments maintains your INR 56500 safety buffer while meeting scheduled obligations."
request_97,1436.15,affordable_with_plan,installments,2024-03-19:8145.28|2024-04-19:8145.28|2024-05-20:8145.28,2024-04-15,none,"Use 3 installments of ZAR 8145.28, starting 19 March 2024. Spreading payments maintains your ZAR 29700 safety buffer while meeting scheduled obligations."
request_98,0.0,not_affordable,not_recommended,none,,none,Not safely affordable within the 90-day forecast. Paying ZAR 27148 would breach your ZAR 30000 minimum balance floor.
request_99,18062.0,affordable_now,full_payment,2026-07-04:18062,2026-07-04,none,Pay ZAR 18062 today. This full upfront payment preserves your ZAR 49100 minimum emergency buffer and avoids financing costs.
request_100,27657.02,affordable_with_plan,installments,2024-06-13:12866.19|2024-07-14:12866.19|2024-08-14:12866.19,2024-06-15,none,"Use 3 installments of ZAR 12866.19, starting 13 June 2024. Spreading payments maintains your ZAR 32500 safety buffer while meeting scheduled obligations."
request_101,143500.0,affordable_now,full_payment,2025-11-03:143500,2025-11-03,none,Pay INR 143500 today. This full upfront payment preserves your INR 187400 minimum emergency buffer and avoids financing costs.
request_102,1716.0,affordable_with_plan,installments,2026-04-05:594.88|2026-05-05:594.88|2026-06-04:594.88,2026-04-05,none,"Use 3 installments of EUR 594.88, starting 5 April 2026. Spreading payments maintains your EUR 900 safety buffer while meeting scheduled obligations."
request_103,10645.66,not_affordable,not_recommended,none,,none,Not safely affordable within the 90-day forecast. Paying INR 368300 would breach your INR 125500 minimum balance floor.
request_104,17204.0,affordable_now,full_payment,2025-02-04:17204,2025-02-04,none,Pay ZAR 17204 today. This full upfront payment preserves your ZAR 24700 minimum emergency buffer and avoids financing costs.
request_105,53500.0,affordable_now,full_payment,2026-06-08:53500,2026-06-08,none,Pay INR 53500 today. This full upfront payment preserves your INR 73900 minimum emergency buffer and avoids financing costs.
request_106,439.31,affordable_later,wait,2025-02-15:2207.70,2025-02-15,none,"Pay EUR 2,207.70 in full on 15 February 2025. Waiting for confirmed income settlements eliminates financing fees and protects your EUR 1200 minimum balance."
request_107,2534.4,affordable_with_plan,installments,2025-05-08:878.59|2025-06-05:878.59|2025-07-03:878.59,2025-05-05,none,"Use 3 installments of EUR 878.59, starting 8 May 2025. Spreading payments maintains your EUR 1600 safety buffer while meeting scheduled obligations."
request_108,1958.98,affordable_later,wait,2026-09-19:55308,2026-09-19,none,Pay ZAR 55308 in full on 19 September 2026. Waiting for confirmed income settlements eliminates financing fees and protects your ZAR 24100 minimum balance.
request_109,704.71,affordable_with_plan,installments,2024-03-18:645.98|2024-04-18:645.98|2024-05-19:645.98,2024-04-15,none,"Use 3 installments of EUR 645.98, starting 18 March 2024. Spreading payments maintains your EUR 1700 safety buffer while meeting scheduled obligations."
request_110,22352.0,affordable_with_plan,installments,2025-08-06:7748.69|2025-09-03:7748.69|2025-10-01:7748.69,2025-08-06,none,"Use 3 installments of ZAR 7748.69, starting 6 August 2025. Spreading payments maintains your ZAR 11200 safety buffer while meeting scheduled obligations."
request_111,16625000.0,affordable_now,full_payment,2026-04-03:16625000,2026-04-03,none,Pay IDR 16625000 today. This full upfront payment preserves your IDR 23022800 minimum emergency buffer and avoids financing costs.
request_112,271.7,affordable_now,full_payment,2024-06-05:271.70,2024-06-05,none,Pay EUR 271.70 today. This full upfront payment preserves your EUR 500 minimum emergency buffer and avoids financing costs.
request_113,32419.28,affordable_later,wait,2026-09-15:36500,2026-09-15,none,Pay INR 36500 in full on 15 September 2026. Waiting for confirmed income settlements eliminates financing fees and protects your INR 82300 minimum balance.
request_114,65300.0,affordable_now,full_payment,2026-01-04:65300,2026-01-04,none,Pay INR 65300 today. This full upfront payment preserves your INR 113400 minimum emergency buffer and avoids financing costs.
request_115,14387.98,affordable_later,wait,2024-11-15:80500,2024-11-15,none,Pay INR 80500 in full on 15 November 2024. Waiting for confirmed income settlements eliminates financing fees and protects your INR 38800 minimum balance.
request_116,13181.25,not_affordable,not_recommended,none,,none,Not safely affordable within the 90-day forecast. Paying INR 241200 would breach your INR 80300 minimum balance floor.
request_117,872.89,affordable_with_plan,full_payment,2026-07-05:880,2026-07-15,stop:event_10833,This purchase becomes affordable by reducing flexible expenses (stop:event_10833). Reallocating discretionary spending unlocks the headroom required to keep your EUR 1000 buffer safe.
request_118,697.52,affordable_with_plan,installments,2024-12-07:255.87|2025-01-07:255.87|2025-02-07:255.87,2024-12-15,none,"Use 3 installments of EUR 255.87, starting 7 December 2024. Spreading payments maintains your EUR 600 safety buffer while meeting scheduled obligations."
request_119,58605.98,affordable_with_plan,installments,2025-05-18:70546.67|2025-06-15:70546.67|2025-07-13:70546.67,2025-06-15,none,"Use 3 installments of INR 70546.67, starting 18 May 2025. Spreading payments maintains your INR 151200 safety buffer while meeting scheduled obligations."
request_120,7714000.0,affordable_now,full_payment,2026-04-06:7714000,2026-04-06,none,Pay IDR 7714000 today. This full upfront payment preserves your IDR 20050300 minimum emergency buffer and avoids financing costs.
request_121,633.6,affordable_now,full_payment,2024-03-03:633.60,2024-03-03,none,Pay USD 633.60 today. This full upfront payment preserves your USD 800 minimum emergency buffer and avoids financing costs.
request_122,20558000.0,affordable_with_plan,installments,2025-08-05:7126773.33|2025-09-02:7126773.33|2025-09-30:7126773.33,2025-08-05,none,"Use 3 installments of IDR 7126773.33, starting 5 August 2025. Spreading payments maintains your IDR 12588500 safety buffer while meeting scheduled obligations."
request_123,4076000.0,affordable_now,full_payment,2026-01-07:4076000,2026-01-07,none,Pay IDR 4076000 today. This full upfront payment preserves your IDR 18091200 minimum emergency buffer and avoids financing costs.
request_124,1376.36,affordable_with_plan,installments,2024-06-11:1076.12|2024-07-12:1076.12|2024-08-12:1076.12,2024-07-15,none,"Use 3 installments of EUR 1076.12, starting 11 June 2024. Spreading payments maintains your EUR 1600 safety buffer while meeting scheduled obligations."
request_125,0.0,not_affordable,not_recommended,none,,none,Not safely affordable within the 90-day forecast. Paying ZAR 6468 would breach your ZAR 11300 minimum balance floor.
request_126,159600.0,affordable_now,full_payment,2026-07-03:159600,2026-07-03,none,Pay INR 159600 today. This full upfront payment preserves your INR 129700 minimum emergency buffer and avoids financing costs.
request_127,12638.94,affordable_later,wait,2024-09-15:23980,2024-09-15,none,Pay ZAR 23980 in full on 15 September 2024. Waiting for confirmed income settlements eliminates financing fees and protects your ZAR 41000 minimum balance.
request_128,25168.0,affordable_now,full_payment,2025-02-07:25168,2025-02-07,none,Pay ZAR 25168 today. This full upfront payment preserves your ZAR 42600 minimum emergency buffer and avoids financing costs.
request_129,133.49,not_affordable,not_recommended,none,,none,"Not safely affordable within the 90-day forecast. Paying USD 2,668.80 would breach your USD 800 minimum balance floor."
request_130,466.92,affordable_later,wait,2025-02-15:1978.80,2025-02-15,none,"Pay USD 1,978.80 in full on 15 February 2025. Waiting for confirmed income settlements eliminates financing fees and protects your USD 1400 minimum balance."
request_131,1141.56,not_affordable,not_recommended,none,2025-06-23,none,"Not safely affordable within the 90-day forecast. Paying USD 1,855.20 would breach your USD 1100 minimum balance floor."
request_132,369.39,affordable_later,wait,2026-01-15:379.86,2026-01-15,none,Pay USD 379.86 in full on 15 January 2026. Waiting for confirmed income settlements eliminates financing fees and protects your USD 1100 minimum balance.
request_133,15770000.0,not_affordable,not_recommended,none,2024-03-07,none,Not safely affordable within the 90-day forecast. Paying IDR 15770000 would breach your IDR 9986200 minimum balance floor.
request_134,5150931.79,affordable_later,wait,2025-10-15:21831000,2025-10-15,none,Pay IDR 21831000 in full on 15 October 2025. Waiting for confirmed income settlements eliminates financing fees and protects your IDR 15902500 minimum balance.
request_135,304.8,affordable_now,full_payment,2026-07-06:304.80,2026-07-06,none,Pay USD 304.80 today. This full upfront payment preserves your USD 500 minimum emergency buffer and avoids financing costs.
request_136,560.4,affordable_now,full_payment,2024-06-03:560.40,2024-06-03,none,Pay USD 560.40 today. This full upfront payment preserves your USD 1100 minimum emergency buffer and avoids financing costs.
request_137,30472.66,affordable_later,wait,2026-01-15:80100,2026-01-15,none,Pay INR 80100 in full on 15 January 2026. Waiting for confirmed income settlements eliminates financing fees and protects your INR 71800 minimum balance.
request_138,842.95,affordable_with_plan,partial_payment,2026-04-07:842.95|2026-04-15:413.99,2026-04-15,none,Pay EUR 842.95 today and the remaining EUR 413.99 on 15 April 2026. This split schedule preserves your EUR 2300 reserve across all payment dates.
request_139,1456.21,affordable_with_plan,installments,2024-09-07:802.88|2024-10-08:802.88|2024-11-08:802.88,2024-10-15,none,"Use 3 installments of USD 802.88, starting 7 September 2024. Spreading payments maintains your USD 1500 safety buffer while meeting scheduled obligations."
request_140,1966.76,not_affordable,not_recommended,none,,none,Not safely affordable within the 90-day forecast. Paying ZAR 62832 would breach your ZAR 21600 minimum balance floor.
request_141,28000.97,not_affordable,not_recommended,none,,none,Not safely affordable within the 90-day forecast. Paying INR 171600 would breach your INR 67300 minimum balance floor.
request_142,1263.6,affordable_now,full_payment,2024-12-05:1263.60,2024-12-05,none,"Pay USD 1,263.60 today. This full upfront payment preserves your USD 1700 minimum emergency buffer and avoids financing costs."
request_143,3532.68,affordable_later,wait,2025-07-15:12584,2025-07-15,none,Pay ZAR 12584 in full on 15 July 2025. Waiting for confirmed income settlements eliminates financing fees and protects your ZAR 11300 minimum balance.
request_144,233.34,affordable_now,full_payment,2026-07-04:233.34,2026-07-04,none,Pay USD 233.34 today. This full upfront payment preserves your USD 600 minimum emergency buffer and avoids financing costs.
request_145,40301.67,affordable_with_plan,installments,2024-03-20:75365.33|2024-04-20:75365.33|2024-05-21:75365.33,2024-05-15,none,"Use 3 installments of INR 75365.33, starting 20 March 2024. Spreading payments maintains your INR 155400 safety buffer while meeting scheduled obligations."
request_146,14522.47,not_affordable,not_recommended,none,,none,Not safely affordable within the 90-day forecast. Paying INR 449400 would breach your INR 108600 minimum balance floor.
request_147,537.34,affordable_with_plan,installments,2026-04-08:391.63|2026-05-08:391.63|2026-06-07:391.63,2026-04-15,none,"Use 3 installments of EUR 391.63, starting 8 April 2026. Spreading payments maintains your EUR 900 safety buffer while meeting scheduled obligations."
request_148,7755.64,affordable_with_plan,installments,2024-06-14:7710.56|2024-07-15:7710.56|2024-08-15:7710.56,2024-07-15,none,"Use 3 installments of ZAR 7710.56, starting 14 June 2024. Spreading payments maintains your ZAR 20000 safety buffer while meeting scheduled obligations."
request_149,23193.17,affordable_with_plan,installments,2025-11-18:12706.03|2025-12-16:12706.03|2026-01-13:12706.03,2025-12-15,none,"Use 3 installments of ZAR 12706.03, starting 18 November 2025. Spreading payments maintains your ZAR 42100 safety buffer while meeting scheduled obligations."
request_150,375.2,affordable_with_plan,installments,2026-01-06:171.98|2026-02-05:171.98|2026-03-07:171.98,2026-01-15,none,"Use 3 installments of EUR 171.98, starting 6 January 2026. Spreading payments maintains your EUR 700 safety buffer while meeting scheduled obligations."
request_151,26999000.0,affordable_now,full_payment,2024-09-03:26999000,2024-09-03,none,Pay IDR 26999000 today. This full upfront payment preserves your IDR 31633600 minimum emergency buffer and avoids financing costs.
request_152,11119.17,affordable_with_plan,installments,2025-02-12:4812.43|2025-03-12:4812.43|2025-04-09:4812.43,2025-03-15,none,"Use 3 installments of ZAR 4812.43, starting 12 February 2025. Spreading payments maintains your ZAR 11900 safety buffer while meeting scheduled obligations."
request_153,221.32,not_affordable,not_recommended,none,,none,"Not safely affordable within the 90-day forecast. Paying USD 2,830.80 would breach your USD 1400 minimum balance floor."
request_154,1625.8,affordable_with_plan,installments,2024-12-04:563.61|2025-01-04:563.61|2025-02-04:563.61,2024-12-04,none,"Use 3 installments of EUR 563.61, starting 4 December 2024. Spreading payments maintains your EUR 1300 safety buffer while meeting scheduled obligations."
request_155,112500.0,affordable_now,full_payment,2025-05-06:112500,2025-05-06,none,Pay INR 112500 today. This full upfront payment preserves your INR 56300 minimum emergency buffer and avoids financing costs.
request_156,8685.91,affordable_later,wait,2026-06-15:43076,2026-06-15,none,Pay ZAR 43076 in full on 15 June 2026. Waiting for confirmed income settlements eliminates financing fees and protects your ZAR 26900 minimum balance.
request_157,4474602.59,affordable_later,wait,2024-04-15:23503000,2024-04-15,none,Pay IDR 23503000 in full on 15 April 2024. Waiting for confirmed income settlements eliminates financing fees and protects your IDR 15714100 minimum balance.
request_158,242600.0,affordable_with_plan,installments,2025-08-07:84101.33|2025-09-04:84101.33|2025-10-02:84101.33,2025-08-07,none,"Use 3 installments of INR 84101.33, starting 7 August 2025. Spreading payments maintains your INR 131400 safety buffer while meeting scheduled obligations."
request_159,7752.77,not_affordable,not_recommended,none,,none,Not safely affordable within the 90-day forecast. Paying ZAR 13398 would breach your ZAR 8700 minimum balance floor.
request_160,575.55,affordable_with_plan,installments,2024-06-13:432.05|2024-07-14:432.05|2024-08-14:432.05,2024-07-15,none,"Use 3 installments of EUR 432.05, starting 13 June 2024. Spreading payments maintains your EUR 1200 safety buffer while meeting scheduled obligations."
request_161,0.0,not_affordable,not_recommended,none,,none,Not safely affordable within the 90-day forecast. Paying IDR 21204000 would breach your IDR 23010400 minimum balance floor.
request_162,2431490.05,not_affordable,not_recommended,none,,none,Not safely affordable within the 90-day forecast. Paying IDR 83923000 would breach your IDR 24161100 minimum balance floor.
request_163,11758186.68,affordable_with_plan,installments,2024-09-10:6692053.33|2024-10-11:6692053.33|2024-11-11:6692053.33,2024-09-15,none,"Use 3 installments of IDR 6692053.33, starting 10 September 2024. Spreading payments maintains your IDR 26728700 safety buffer while meeting scheduled obligations."
request_164,27018000.0,affordable_with_plan,installments,2025-02-11:9366240|2025-03-11:9366240|2025-04-08:9366240,2025-02-04,none,"Use 3 installments of IDR 9366240, starting 11 February 2025. Spreading payments maintains your IDR 29550500 safety buffer while meeting scheduled obligations."
request_165,80600.0,affordable_now,full_payment,2026-04-06:80600,2026-04-06,none,Pay INR 80600 today. This full upfront payment preserves your INR 95000 minimum emergency buffer and avoids financing costs.
request_166,2907.6,affordable_with_plan,installments,2024-12-03:1007.97|2025-01-03:1007.97|2025-02-03:1007.97,2024-12-03,none,"Use 3 installments of USD 1007.97, starting 3 December 2024. Spreading payments maintains your USD 1700 safety buffer while meeting scheduled obligations."
request_167,43802.0,affordable_now,full_payment,2025-05-05:43802,2025-05-05,none,Pay ZAR 43802 today. This full upfront payment preserves your ZAR 31200 minimum emergency buffer and avoids financing costs.
request_168,40409.47,affordable_with_plan,partial_payment,2026-01-07:40409.47|2026-01-15:8970.53,2026-01-15,none,"Pay INR 40,409.47 today and the remaining INR 8970.53 on 15 January 2026. This split schedule preserves your INR 114400 reserve across all payment dates."
request_169,41976.0,affordable_now,full_payment,2024-03-04:41976,2024-03-04,none,Pay ZAR 41976 today. This full upfront payment preserves your ZAR 18700 minimum emergency buffer and avoids financing costs.
request_170,31515157.86,affordable_with_plan,installments,2025-08-06:12804480|2025-09-03:12804480|2025-10-01:12804480,2025-08-15,none,"Use 3 installments of IDR 12804480, starting 6 August 2025. Spreading payments maintains your IDR 24715800 safety buffer while meeting scheduled obligations."
request_171,45.51,not_affordable,not_recommended,none,,none,"Not safely affordable within the 90-day forecast. Paying EUR 1,878.80 would breach your EUR 500 minimum balance floor."
request_172,8940.14,affordable_with_plan,partial_payment,2024-06-05:8940.14|2024-06-15:1259.86,2024-06-15,none,"Pay ZAR 8,940.14 today and the remaining ZAR 1259.86 on 15 June 2024. This split schedule preserves your ZAR 27200 reserve across all payment dates."
request_173,0.0,not_affordable,not_recommended,none,,none,Not safely affordable within the 90-day forecast. Paying INR 113000 would breach your INR 79100 minimum balance floor.
request_174,1146.2,affordable_with_plan,installments,2026-04-04:397.35|2026-05-04:397.35|2026-06-03:397.35,2026-04-04,none,"Use 3 installments of EUR 397.35, starting 4 April 2026. Spreading payments maintains your EUR 700 safety buffer while meeting scheduled obligations."
request_175,2346.3,affordable_now,full_payment,2024-09-06:2346.30,2024-09-06,none,"Pay EUR 2,346.30 today. This full upfront payment preserves your EUR 1700 minimum emergency buffer and avoids financing costs."
request_176,364.02,not_affordable,not_recommended,none,,none,"Not safely affordable within the 90-day forecast. Paying EUR 1,239.70 would breach your EUR 600 minimum balance floor."
request_177,1017.6,affordable_now,full_payment,2026-01-05:1017.60,2026-01-05,none,"Pay USD 1,017.60 today. This full upfront payment preserves your USD 1300 minimum emergency buffer and avoids financing costs."
request_178,2938.1,affordable_with_plan,installments,2024-12-07:1018.54|2025-01-07:1018.54|2025-02-07:1018.54,2024-12-07,none,"Use 3 installments of EUR 1018.54, starting 7 December 2024. Spreading payments maintains your EUR 1400 safety buffer while meeting scheduled obligations."
request_179,9366387.53,affordable_later,wait,2025-07-15:41648000,2025-07-15,none,Pay IDR 41648000 in full on 15 July 2025. Waiting for confirmed income settlements eliminates financing fees and protects your IDR 41430800 minimum balance.
request_180,66500.0,affordable_now,full_payment,2026-07-06:66500,2026-07-06,none,Pay INR 66500 today. This full upfront payment preserves your INR 37300 minimum emergency buffer and avoids financing costs.
request_181,425.17,not_affordable,not_recommended,none,,none,"Not safely affordable within the 90-day forecast. Paying USD 5,059.20 would breach your USD 2000 minimum balance floor."
request_182,65714.0,affordable_now,full_payment,2025-08-05:65714,2025-08-05,none,Pay ZAR 65714 today. This full upfront payment preserves your ZAR 31100 minimum emergency buffer and avoids financing costs.
request_183,24764917.63,affordable_with_plan,installments,2026-04-10:9313546.67|2026-05-10:9313546.67|2026-06-09:9313546.67,2026-04-15,none,"Use 3 installments of IDR 9313546.67, starting 10 April 2026. Spreading payments maintains your IDR 11878300 safety buffer while meeting scheduled obligations."
request_184,14182.41,not_affordable,not_recommended,none,,none,Not safely affordable within the 90-day forecast. Paying INR 251900 would breach your INR 110800 minimum balance floor.
request_185,404.73,affordable_later,wait,2026-01-15:1257.30,2026-01-15,none,"Pay EUR 1,257.30 in full on 15 January 2026. Waiting for confirmed income settlements eliminates financing fees and protects your EUR 1300 minimum balance."
request_186,8466.19,affordable_later,wait,2026-02-15:26554,2026-02-15,none,Pay ZAR 26554 in full on 15 February 2026. Waiting for confirmed income settlements eliminates financing fees and protects your ZAR 22000 minimum balance.
request_187,38734.16,affordable_later,wait,2024-11-15:187500,2024-11-15,none,Pay INR 187500 in full on 15 November 2024. Waiting for confirmed income settlements eliminates financing fees and protects your INR 128300 minimum balance.
request_188,122.57,not_affordable,not_recommended,none,,none,Not safely affordable within the 90-day forecast. Paying EUR 2464 would breach your EUR 900 minimum balance floor.
request_189,488.4,affordable_now,full_payment,2026-07-04:488.40,2026-07-04,none,Pay EUR 488.40 today. This full upfront payment preserves your EUR 400 minimum emergency buffer and avoids financing costs.
request_190,671.33,affordable_later,wait,2025-02-15:2557.50,2025-02-15,none,"Pay EUR 2,557.50 in full on 15 February 2025. Waiting for confirmed income settlements eliminates financing fees and protects your EUR 1600 minimum balance."
request_191,664.4,affordable_now,full_payment,2025-05-03:664.40,2025-05-03,none,Pay EUR 664.40 today. This full upfront payment preserves your EUR 500 minimum emergency buffer and avoids financing costs.
request_192,181.75,not_affordable,not_recommended,none,,none,Not safely affordable within the 90-day forecast. Paying USD 2046 would breach your USD 1000 minimum balance floor.
request_193,82.19,affordable_with_plan,installments,2024-03-21:420.23|2024-04-21:420.23|2024-05-22:420.23,2024-04-15,none,"Use 3 installments of EUR 420.23, starting 21 March 2024. Spreading payments maintains your EUR 1000 safety buffer while meeting scheduled obligations."
request_194,29783.15,affordable_later,wait,2025-10-23:132800,2025-10-23,none,Pay INR 132800 in full on 23 October 2025. Waiting for confirmed income settlements eliminates financing fees and protects your INR 113600 minimum balance.
request_195,1082.3,affordable_with_plan,installments,2026-01-09:405.74|2026-02-08:405.74|2026-03-10:405.74,2026-01-15,none,"Use 3 installments of EUR 405.74, starting 9 January 2026. Spreading payments maintains your EUR 700 safety buffer while meeting scheduled obligations."
request_196,762.3,affordable_now,full_payment,2024-06-03:762.30,2024-06-03,none,Pay EUR 762.30 today. This full upfront payment preserves your EUR 500 minimum emergency buffer and avoids financing costs.
request_197,26069539.28,not_affordable,not_recommended,none,,none,Not safely affordable within the 90-day forecast. Paying IDR 50939000 would breach your IDR 26245900 minimum balance floor.
request_198,185800.0,affordable_now,full_payment,2026-07-07:185800,2026-07-07,none,Pay INR 185800 today. This full upfront payment preserves your INR 124300 minimum emergency buffer and avoids financing costs.
request_199,23674000.0,affordable_with_plan,installments,2024-09-07:8206986.67|2024-10-08:8206986.67|2024-11-08:8206986.67,2024-09-04,none,"Use 3 installments of IDR 8206986.67, starting 7 September 2024. Spreading payments maintains your IDR 25359500 safety buffer while meeting scheduled obligations."
request_200,21717000.0,affordable_now,full_payment,2025-02-06:21717000,2025-02-06,none,Pay IDR 21717000 today. This full upfront payment preserves your IDR 20114600 minimum emergency buffer and avoids financing costs.
request_201,23997000.0,affordable_now,full_payment,2026-04-03:23997000,2026-04-03,none,Pay IDR 23997000 today. This full upfront payment preserves your IDR 17304500 minimum emergency buffer and avoids financing costs.
request_202,123900.0,affordable_now,full_payment,2024-12-05:123900,2024-12-05,none,Pay INR 123900 today. This full upfront payment preserves your INR 147800 minimum emergency buffer and avoids financing costs.
request_203,1442.1,affordable_with_plan,installments,2025-05-10:499.93|2025-06-07:499.93|2025-07-05:499.93,2025-05-07,none,"Use 3 installments of EUR 499.93, starting 10 May 2025. Spreading payments maintains your EUR 1400 safety buffer while meeting scheduled obligations."
request_204,561.87,affordable_later,wait,2026-01-15:588.74,2026-01-15,none,Pay EUR 588.74 in full on 15 January 2026. Waiting for confirmed income settlements eliminates financing fees and protects your EUR 1300 minimum balance.
request_205,10621000.0,affordable_now,full_payment,2024-03-06:10621000,2024-03-06,none,Pay IDR 10621000 today. This full upfront payment preserves your IDR 13994300 minimum emergency buffer and avoids financing costs.
request_206,1404.7,affordable_with_plan,installments,2025-08-03:486.96|2025-08-31:486.96|2025-09-28:486.96,2025-08-03,none,"Use 3 installments of EUR 486.96, starting 3 August 2025. Spreading payments maintains your EUR 900 safety buffer while meeting scheduled obligations."
request_207,4921.59,affordable_later,wait,2026-07-15:11830,2026-07-15,none,Pay ZAR 11830 in full on 15 July 2026. Waiting for confirmed income settlements eliminates financing fees and protects your ZAR 13600 minimum balance.
request_208,4073800.73,affordable_later,wait,2024-06-15:4413000,2024-06-15,none,Pay IDR 4413000 in full on 15 June 2024. Waiting for confirmed income settlements eliminates financing fees and protects your IDR 10470700 minimum balance.
request_209,1572.6,not_affordable,not_recommended,none,,none,Not safely affordable within the 90-day forecast. Paying ZAR 56914 would breach your ZAR 18400 minimum balance floor.
request_210,962.08,affordable_with_plan,partial_payment,2026-04-06:962.08|2026-04-15:397.94,2026-04-15,none,Pay USD 962.08 today and the remaining USD 397.94 on 15 April 2026. This split schedule preserves your USD 2000 reserve across all payment dates.
request_211,369.91,affordable_later,wait,2024-10-15:1788.60,2024-10-15,none,"Pay EUR 1,788.60 in full on 15 October 2024. Waiting for confirmed income settlements eliminates financing fees and protects your EUR 1500 minimum balance."
request_212,3097381.87,not_affordable,not_recommended,none,,none,Not safely affordable within the 90-day forecast. Paying IDR 71934000 would breach your IDR 29579800 minimum balance floor.
request_213,3362.4,affordable_with_plan,installments,2026-01-21:1165.63|2026-02-20:1165.63|2026-03-22:1165.63,2026-01-07,none,"Use 3 installments of USD 1165.63, starting 21 January 2026. Spreading payments maintains your USD 2100 safety buffer while meeting scheduled obligations."
request_214,69750.0,affordable_with_plan,installments,2024-12-04:36270|2025-01-01:36270,2024-12-04,none,"Use 2 installments of INR 36270, starting 4 December 2024. Spreading payments maintains your INR 174900 safety buffer while meeting scheduled obligations."
request_215,29986.0,affordable_with_plan,installments,2025-05-09:10395.15|2025-06-06:10395.15|2025-07-04:10395.15,2025-05-06,none,"Use 3 installments of ZAR 10395.15, starting 9 May 2025. Spreading payments maintains your ZAR 15700 safety buffer while meeting scheduled obligations."
request_216,513.52,affordable_later,wait,2026-09-15:3332.40,2026-09-15,none,"Pay USD 3,332.40 in full on 15 September 2026. Waiting for confirmed income settlements eliminates financing fees and protects your USD 1800 minimum balance."
request_217,20992.31,affordable_with_plan,installments,2024-03-19:12889.07|2024-04-19:12889.07|2024-05-20:12889.07,2024-05-15,none,"Use 3 installments of ZAR 12889.07, starting 19 March 2024. Spreading payments maintains your ZAR 26800 safety buffer while meeting scheduled obligations."
request_218,25354023.17,affordable_with_plan,installments,2025-08-07:21195893.33|2025-09-04:21195893.33|2025-10-02:21195893.33,2025-09-15,none,"Use 3 installments of IDR 21195893.33, starting 7 August 2025. Spreading payments maintains your IDR 34477200 safety buffer while meeting scheduled obligations."
request_219,749.96,affordable_with_plan,installments,2026-04-07:580.01|2026-05-07:580.01|2026-06-06:580.01,2026-05-15,none,"Use 3 installments of EUR 580.01, starting 7 April 2026. Spreading payments maintains your EUR 1100 safety buffer while meeting scheduled obligations."
request_220,96.43,not_affordable,not_recommended,none,,none,"Not safely affordable within the 90-day forecast. Paying EUR 3,118.50 would breach your EUR 1100 minimum balance floor."
request_221,109800.0,affordable_now,full_payment,2025-11-03:109800,2025-11-03,none,Pay INR 109800 today. This full upfront payment preserves your INR 81500 minimum emergency buffer and avoids financing costs.
request_222,34078.0,affordable_now,full_payment,2026-01-05:34078,2026-01-05,none,Pay ZAR 34078 today. This full upfront payment preserves your ZAR 27300 minimum emergency buffer and avoids financing costs.
request_223,898.7,affordable_now,full_payment,2024-09-07:898.70,2024-09-07,none,Pay EUR 898.70 today. This full upfront payment preserves your EUR 800 minimum emergency buffer and avoids financing costs.
request_224,9587516.66,affordable_with_plan,partial_payment,2025-02-04:9587516.66|2025-02-15:739483.34,2025-02-15,none,"Pay IDR 9,587,516.66 today and the remaining IDR 739483.34 on 15 February 2025. This split schedule preserves your IDR 22187600 reserve across all payment dates."
request_225,11193085.16,affordable_with_plan,installments,2026-07-20:7647120|2026-08-19:7647120|2026-09-18:7647120,2026-08-15,none,"Use 3 installments of IDR 7647120, starting 20 July 2026. Spreading payments maintains your IDR 17670700 safety buffer while meeting scheduled obligations."
request_226,157000.0,affordable_now,full_payment,2024-12-03:157000,2024-12-03,none,Pay INR 157000 today. This full upfront payment preserves your INR 209400 minimum emergency buffer and avoids financing costs.
request_227,7684.53,not_affordable,not_recommended,none,,none,Not safely affordable within the 90-day forecast. Paying INR 259700 would breach your INR 62900 minimum balance floor.
request_228,2284236.76,not_affordable,not_recommended,none,,none,Not safely affordable within the 90-day forecast. Paying IDR 63327000 would breach your IDR 26191200 minimum balance floor.
request_229,431.71,affordable_with_plan,installments,2024-03-18:529.29|2024-04-18:529.29|2024-05-19:529.29,2024-05-15,none,"Use 3 installments of EUR 529.29, starting 18 March 2024. Spreading payments maintains your EUR 1000 safety buffer while meeting scheduled obligations."
request_230,3537.6,affordable_now,full_payment,2025-08-06:3537.60,2025-08-06,none,"Pay EUR 3,537.60 today. This full upfront payment preserves your EUR 2000 minimum emergency buffer and avoids financing costs."
request_231,35270.94,affordable_with_plan,installments,2026-01-06:12378.08|2026-02-05:12378.08|2026-03-07:12378.08,2026-01-15,none,"Use 3 installments of ZAR 12378.08, starting 6 January 2026. Spreading payments maintains your ZAR 24300 safety buffer while meeting scheduled obligations."
request_232,674.76,affordable_later,wait,2024-08-15:1970.10,2024-08-15,none,"Pay EUR 1,970.10 in full on 15 August 2024. Waiting for confirmed income settlements eliminates financing fees and protects your EUR 2400 minimum balance."
request_233,0.0,not_affordable,not_recommended,none,,none,Not safely affordable within the 90-day forecast. Paying IDR 6241000 would breach your IDR 10365700 minimum balance floor.
request_234,200.57,affordable_later,wait,2026-09-15:1213.30,2026-09-15,none,"Pay EUR 1,213.30 in full on 15 September 2026. Waiting for confirmed income settlements eliminates financing fees and protects your EUR 700 minimum balance."
request_235,967.2,affordable_now,full_payment,2024-09-06:967.20,2024-09-06,none,Pay USD 967.20 today. This full upfront payment preserves your USD 700 minimum emergency buffer and avoids financing costs.
request_236,5928005.37,not_affordable,not_recommended,none,,none,Not safely affordable within the 90-day forecast. Paying IDR 52383000 would breach your IDR 16768600 minimum balance floor.
request_237,23826000.0,affordable_now,full_payment,2026-04-05:23826000,2026-04-05,none,Pay IDR 23826000 today. This full upfront payment preserves your IDR 22431500 minimum emergency buffer and avoids financing costs.
request_238,663.6,affordable_with_plan,installments,2024-12-07:230.05|2025-01-07:230.05|2025-02-07:230.05,2024-12-07,none,"Use 3 installments of USD 230.05, starting 7 December 2024. Spreading payments maintains your USD 700 safety buffer while meeting scheduled obligations."
request_239,642.0,affordable_now,full_payment,2025-05-04:642,2025-05-04,none,Pay USD 642 today. This full upfront payment preserves your USD 600 minimum emergency buffer and avoids financing costs.
request_240,15022.23,not_affordable,not_recommended,none,,none,Not safely affordable within the 90-day forecast. Paying INR 101200 would breach your INR 52800 minimum balance floor.
request_241,21052000.0,affordable_with_plan,installments,2024-03-17:7298026.67|2024-04-17:7298026.67|2024-05-18:7298026.67,2024-03-03,none,"Use 3 installments of IDR 7298026.67, starting 17 March 2024. Spreading payments maintains your IDR 19252000 safety buffer while meeting scheduled obligations."
request_242,47.46,not_affordable,not_recommended,none,,none,"Not safely affordable within the 90-day forecast. Paying EUR 1,966.80 would breach your EUR 600 minimum balance floor."
request_243,17468.0,affordable_now,full_payment,2026-07-07:17468,2026-07-07,none,Pay ZAR 17468 today. This full upfront payment preserves your ZAR 19900 minimum emergency buffer and avoids financing costs.
request_244,49918.0,affordable_now,full_payment,2024-06-04:49918,2024-06-04,none,Pay ZAR 49918 today. This full upfront payment preserves your ZAR 45900 minimum emergency buffer and avoids financing costs.
request_245,0.0,not_affordable,not_recommended,none,,none,Not safely affordable within the 90-day forecast. Paying INR 128500 would breach your INR 94600 minimum balance floor.
request_246,64086.0,affordable_with_plan,installments,2026-04-03:22216.48|2026-05-03:22216.48|2026-06-02:22216.48,2026-04-03,none,"Use 3 installments of ZAR 22216.48, starting 3 April 2026. Spreading payments maintains your ZAR 39300 safety buffer while meeting scheduled obligations."
request_247,1059.3,affordable_now,full_payment,2024-09-05:1059.30,2024-09-05,none,"Pay EUR 1,059.30 today. This full upfront payment preserves your EUR 1300 minimum emergency buffer and avoids financing costs."
request_248,906.87,affordable_with_plan,partial_payment,2025-02-07:906.87|2025-04-19:1058.73,2025-04-19,none,Pay USD 906.87 today and the remaining USD 1058.73 on 19 April 2025. This split schedule preserves your USD 1300 reserve across all payment dates.
request_249,181.52,affordable_later,wait,2026-02-15:643.20,2026-02-15,none,Pay USD 643.20 in full on 15 February 2026. Waiting for confirmed income settlements eliminates financing fees and protects your USD 600 minimum balance.
request_250,15552.88,not_affordable,not_recommended,none,,none,Not safely affordable within the 90-day forecast. Paying ZAR 124278 would breach your ZAR 35300 minimum balance floor.
request_251,1467.89,not_affordable,not_recommended,none,2025-07-15,none,"Not safely affordable within the 90-day forecast. Paying EUR 1,513.60 would breach your EUR 1300 minimum balance floor."
request_252,4310884.81,affordable_later,wait,2026-09-15:28082000,2026-09-15,none,Pay IDR 28082000 in full on 15 September 2026. Waiting for confirmed income settlements eliminates financing fees and protects your IDR 15152200 minimum balance.
request_253,1522.01,affordable_with_plan,installments,2024-03-21:984.60|2024-04-21:984.60|2024-05-22:984.60,2024-05-15,none,"Use 3 installments of EUR 984.60, starting 21 March 2024. Spreading payments maintains your EUR 2300 safety buffer while meeting scheduled obligations."
request_254,627.29,affordable_later,wait,2025-10-15:3535.20,2025-10-15,none,"Pay USD 3,535.20 in full on 15 October 2025. Waiting for confirmed income settlements eliminates financing fees and protects your USD 2500 minimum balance."
request_255,3345000.0,affordable_now,full_payment,2026-04-06:3345000,2026-04-06,none,Pay IDR 3345000 today. This full upfront payment preserves your IDR 9813900 minimum emergency buffer and avoids financing costs.
request_256,157760.74,affordable_with_plan,installments,2024-06-10:75816|2024-07-11:75816|2024-08-11:75816,2024-07-15,none,"Use 3 installments of INR 75816, starting 10 June 2024. Spreading payments maintains your INR 168600 safety buffer while meeting scheduled obligations."
request_257,549.89,affordable_later,wait,2025-12-15:1352.40,2025-12-15,none,"Pay USD 1,352.40 in full on 15 December 2025. Waiting for confirmed income settlements eliminates financing fees and protects your USD 1600 minimum balance."
request_258,1113.6,affordable_now,full_payment,2026-01-07:1113.60,2026-01-07,none,"Pay USD 1,113.60 today. This full upfront payment preserves your USD 500 minimum emergency buffer and avoids financing costs."
request_259,246.84,affordable_later,wait,2024-11-15:935,2024-11-15,none,Pay EUR 935 in full on 15 November 2024. Waiting for confirmed income settlements eliminates financing fees and protects your EUR 600 minimum balance.
request_260,8983939.74,not_affordable,not_recommended,none,,none,Not safely affordable within the 90-day forecast. Paying IDR 52079000 would breach your IDR 20727700 minimum balance floor.
request_261,1830.4,affordable_now,full_payment,2026-07-03:1830.40,2026-07-03,none,"Pay EUR 1,830.40 today. This full upfront payment preserves your EUR 1500 minimum emergency buffer and avoids financing costs."
request_262,9236000.0,affordable_now,full_payment,2024-12-05:9236000,2024-12-05,none,Pay IDR 9236000 today. This full upfront payment preserves your IDR 31018500 minimum emergency buffer and avoids financing costs.
request_263,0.0,not_affordable,not_recommended,none,,none,Not safely affordable within the 90-day forecast. Paying ZAR 51546 would breach your ZAR 24100 minimum balance floor.
request_264,25513.52,affordable_later,wait,2026-05-15:111300,2026-05-15,none,Pay INR 111300 in full on 15 May 2026. Waiting for confirmed income settlements eliminates financing fees and protects your INR 59500 minimum balance.
request_265,45970.0,affordable_now,full_payment,2024-03-06:45970,2024-03-06,none,Pay INR 45970 today. This full upfront payment preserves your INR 189700 minimum emergency buffer and avoids financing costs.
request_266,756.0,not_affordable,not_recommended,none,2025-09-15,none,Not safely affordable within the 90-day forecast. Paying EUR 935 would breach your EUR 900 minimum balance floor.
request_267,1743.16,affordable_with_plan,installments,2026-01-08:667.33|2026-02-07:667.33|2026-03-09:667.33,2026-01-15,none,"Use 3 installments of EUR 667.33, starting 8 January 2026. Spreading payments maintains your EUR 1500 safety buffer while meeting scheduled obligations."
request_268,1059.14,affordable_with_plan,installments,2024-06-14:841.22|2024-07-15:841.22|2024-08-15:841.22,2024-07-15,none,"Use 3 installments of EUR 841.22, starting 14 June 2024. Spreading payments maintains your EUR 1400 safety buffer while meeting scheduled obligations."
request_269,9698.85,affordable_later,wait,2025-11-15:15490,2025-11-15,none,Pay ZAR 15490 in full on 15 November 2025. Waiting for confirmed income settlements eliminates financing fees and protects your ZAR 23100 minimum balance.
request_270,149.37,not_affordable,not_recommended,none,,none,"Not safely affordable within the 90-day forecast. Paying USD 3,028.80 would breach your USD 1400 minimum balance floor."
request_271,22696.71,affordable_later,wait,2024-11-15:91300,2024-11-15,none,Pay INR 91300 in full on 15 November 2024. Waiting for confirmed income settlements eliminates financing fees and protects your INR 58200 minimum balance.
request_272,5470238.96,affordable_with_plan,installments,2025-02-12:4709466.67|2025-03-12:4709466.67|2025-04-09:4709466.67,2025-03-15,none,"Use 3 installments of IDR 4709466.67, starting 12 February 2025. Spreading payments maintains your IDR 7508600 safety buffer while meeting scheduled obligations."
request_273,10863868.86,affordable_with_plan,partial_payment,2026-04-07:10863868.86|2026-04-15:4997131.14,2026-04-15,none,"Pay IDR 10,863,868.86 today and the remaining IDR 4997131.14 on 15 April 2026. This split schedule preserves your IDR 18774600 reserve across all payment dates."
request_274,2470.23,affordable_with_plan,installments,2024-12-04:940.75|2025-01-04:940.75|2025-02-04:940.75,2024-12-15,none,"Use 3 installments of EUR 940.75, starting 4 December 2024. Spreading payments maintains your EUR 1800 safety buffer while meeting scheduled obligations."
request_275,15884000.0,affordable_now,full_payment,2025-05-06:15884000,2025-05-06,none,Pay IDR 15884000 today. This full upfront payment preserves your IDR 12760100 minimum emergency buffer and avoids financing costs.
